Frequency,# of Items,%
1,1450968,0.4822172
2,435886,0.1448631
3,218109,0.0724867
4,135150,0.0449160
5,93149,0.0309573
6,69996,0.0232626
7,53891,0.0179102
8,43851,0.0145735
9,36139,0.0120105
10,30916,0.0102747
11,26569,0.0088300
12,23275,0.0077353
13,19971,0.0066372
14,17907,0.0059512
15,15862,0.0052716
16,14313,0.0047568
17,13119,0.0043600
18,12199,0.0040542
19,11218,0.0037282
20,10230,0.0033999
21,9639,0.0032034
22,9001,0.0029914
23,8402,0.0027923
24,7819,0.0025986
25,7162,0.0023802
26,6741,0.0022403
27,6217,0.0020662
28,6016,0.0019994
29,5683,0.0018887
30,5382,0.0017887
31,5081,0.0016886
32,4866,0.0016172
33,4628,0.0015381
34,4437,0.0014746
35,4188,0.0013918
36,4072,0.0013533
37,3874,0.0012875
38,3611,0.0012001
39,3466,0.0011519
40,3306,0.0010987
41,3122,0.0010376
42,3154,0.0010482
43,2957,0.0009827
44,2842,0.0009445
45,2839,0.0009435
46,2647,0.0008797
47,2611,0.0008677
48,2446,0.0008129
49,2397,0.0007966
50,2271,0.0007547
51,2217,0.0007368
52,2159,0.0007175
53,2093,0.0006956
54,2002,0.0006653
55,1860,0.0006182
56,1879,0.0006245
57,1850,0.0006148
58,1757,0.0005839
59,1734,0.0005763
60,1724,0.0005730
61,1595,0.0005301
62,1599,0.0005314
63,1565,0.0005201
64,1473,0.0004895
65,1508,0.0005012
66,1474,0.0004899
67,1448,0.0004812
68,1345,0.0004470
69,1332,0.0004427
70,1320,0.0004387
71,1272,0.0004227
72,1238,0.0004114
73,1238,0.0004114
74,1214,0.0004035
75,1144,0.0003802
76,1112,0.0003696
77,1067,0.0003546
78,1112,0.0003696
79,984,0.0003270
80,977,0.0003247
81,965,0.0003207
82,999,0.0003320
83,952,0.0003164
84,949,0.0003154
85,914,0.0003038
86,929,0.0003087
87,881,0.0002928
88,841,0.0002795
89,821,0.0002729
90,834,0.0002772
91,768,0.0002552
92,793,0.0002635
93,761,0.0002529
94,761,0.0002529
95,778,0.0002586
96,729,0.0002423
97,721,0.0002396
98,736,0.0002446
99,704,0.0002340
100,732,0.0002433
101,659,0.0002190
102,660,0.0002193
103,684,0.0002273
104,625,0.0002077
105,588,0.0001954
106,601,0.0001997
107,648,0.0002154
108,579,0.0001924
109,563,0.0001871
110,558,0.0001854
111,557,0.0001851
112,510,0.0001695
113,588,0.0001954
114,529,0.0001758
115,554,0.0001841
116,534,0.0001775
117,509,0.0001692
118,570,0.0001894
119,501,0.0001665
120,483,0.0001605
121,460,0.0001529
122,492,0.0001635
123,443,0.0001472
124,496,0.0001648
125,454,0.0001509
126,438,0.0001456
127,429,0.0001426
128,434,0.0001442
129,423,0.0001406
130,442,0.0001469
131,443,0.0001472
132,403,0.0001339
133,421,0.0001399
134,425,0.0001412
135,390,0.0001296
136,367,0.0001220
137,389,0.0001293
138,353,0.0001173
139,412,0.0001369
140,350,0.0001163
141,375,0.0001246
142,386,0.0001283
143,345,0.0001147
144,356,0.0001183
145,405,0.0001346
146,331,0.0001100
147,352,0.0001170
148,331,0.0001100
149,326,0.0001083
150,296,0.0000984
151,306,0.0001017
152,310,0.0001030
153,332,0.0001103
154,367,0.0001220
155,319,0.0001060
156,318,0.0001057
157,281,0.0000934
158,292,0.0000970
159,277,0.0000921
160,249,0.0000828
161,263,0.0000874
162,267,0.0000887
163,307,0.0001020
164,276,0.0000917
165,284,0.0000944
166,271,0.0000901
167,268,0.0000891
168,269,0.0000894
169,221,0.0000734
170,243,0.0000808
171,260,0.0000864
172,253,0.0000841
173,239,0.0000794
174,241,0.0000801
175,245,0.0000814
176,228,0.0000758
177,224,0.0000744
178,239,0.0000794
179,248,0.0000824
180,242,0.0000804
181,223,0.0000741
182,251,0.0000834
183,219,0.0000728
184,222,0.0000738
185,212,0.0000705
186,223,0.0000741
187,221,0.0000734
188,201,0.0000668
189,233,0.0000774
190,218,0.0000725
191,220,0.0000731
192,200,0.0000665
193,188,0.0000625
194,195,0.0000648
195,194,0.0000645
196,184,0.0000612
197,174,0.0000578
198,195,0.0000648
199,208,0.0000691
200,188,0.0000625
201,185,0.0000615
202,209,0.0000695
203,200,0.0000665
204,188,0.0000625
205,196,0.0000651
206,167,0.0000555
207,163,0.0000542
208,192,0.0000638
209,145,0.0000482
210,164,0.0000545
211,186,0.0000618
212,165,0.0000548
213,170,0.0000565
214,185,0.0000615
215,169,0.0000562
216,161,0.0000535
217,168,0.0000558
218,158,0.0000525
219,178,0.0000592
220,151,0.0000502
221,167,0.0000555
222,152,0.0000505
223,153,0.0000508
224,163,0.0000542
225,155,0.0000515
226,161,0.0000535
227,170,0.0000565
228,133,0.0000442
229,157,0.0000522
230,143,0.0000475
231,173,0.0000575
232,166,0.0000552
233,147,0.0000489
234,162,0.0000538
235,144,0.0000479
236,137,0.0000455
237,145,0.0000482
238,147,0.0000489
239,126,0.0000419
240,128,0.0000425
241,143,0.0000475
242,127,0.0000422
243,117,0.0000389
244,112,0.0000372
245,132,0.0000439
246,130,0.0000432
247,115,0.0000382
248,120,0.0000399
249,121,0.0000402
250,131,0.0000435
251,123,0.0000409
252,103,0.0000342
253,110,0.0000366
254,126,0.0000419
255,117,0.0000389
256,117,0.0000389
257,125,0.0000415
258,114,0.0000379
259,138,0.0000459
260,115,0.0000382
261,107,0.0000356
262,108,0.0000359
263,106,0.0000352
264,109,0.0000362
265,117,0.0000389
266,108,0.0000359
267,99,0.0000329
268,90,0.0000299
269,121,0.0000402
270,101,0.0000336
271,109,0.0000362
272,107,0.0000356
273,111,0.0000369
274,105,0.0000349
275,119,0.0000395
276,106,0.0000352
277,94,0.0000312
278,103,0.0000342
279,107,0.0000356
280,89,0.0000296
281,112,0.0000372
282,107,0.0000356
283,98,0.0000326
284,107,0.0000356
285,95,0.0000316
286,109,0.0000362
287,95,0.0000316
288,85,0.0000282
289,93,0.0000309
290,86,0.0000286
291,100,0.0000332
292,93,0.0000309
293,84,0.0000279
294,91,0.0000302
295,88,0.0000292
296,104,0.0000346
297,79,0.0000263
298,103,0.0000342
299,90,0.0000299
300,81,0.0000269
301,93,0.0000309
302,77,0.0000256
303,95,0.0000316
304,95,0.0000316
305,92,0.0000306
306,92,0.0000306
307,89,0.0000296
308,78,0.0000259
309,81,0.0000269
310,73,0.0000243
311,95,0.0000316
312,76,0.0000253
313,83,0.0000276
314,90,0.0000299
315,81,0.0000269
316,89,0.0000296
317,80,0.0000266
318,100,0.0000332
319,83,0.0000276
320,87,0.0000289
321,86,0.0000286
322,82,0.0000273
323,79,0.0000263
324,69,0.0000229
325,85,0.0000282
326,80,0.0000266
327,72,0.0000239
328,75,0.0000249
329,77,0.0000256
330,80,0.0000266
331,61,0.0000203
332,80,0.0000266
333,53,0.0000176
334,73,0.0000243
335,72,0.0000239
336,58,0.0000193
337,58,0.0000193
338,66,0.0000219
339,84,0.0000279
340,76,0.0000253
341,72,0.0000239
342,77,0.0000256
343,66,0.0000219
344,83,0.0000276
345,80,0.0000266
346,71,0.0000236
347,75,0.0000249
348,67,0.0000223
349,67,0.0000223
350,59,0.0000196
351,65,0.0000216
352,56,0.0000186
353,66,0.0000219
354,62,0.0000206
355,67,0.0000223
356,71,0.0000236
357,57,0.0000189
358,55,0.0000183
359,62,0.0000206
360,57,0.0000189
361,64,0.0000213
362,61,0.0000203
363,61,0.0000203
364,66,0.0000219
365,70,0.0000233
366,61,0.0000203
367,80,0.0000266
368,60,0.0000199
369,62,0.0000206
370,39,0.0000130
371,50,0.0000166
372,54,0.0000179
373,53,0.0000176
374,68,0.0000226
375,45,0.0000150
376,68,0.0000226
377,55,0.0000183
378,45,0.0000150
379,43,0.0000143
380,66,0.0000219
381,57,0.0000189
382,55,0.0000183
383,70,0.0000233
384,43,0.0000143
385,48,0.0000160
386,52,0.0000173
387,34,0.0000113
388,52,0.0000173
389,57,0.0000189
390,62,0.0000206
391,50,0.0000166
392,69,0.0000229
393,58,0.0000193
394,63,0.0000209
395,54,0.0000179
396,48,0.0000160
397,45,0.0000150
398,49,0.0000163
399,47,0.0000156
400,47,0.0000156
401,48,0.0000160
402,59,0.0000196
403,56,0.0000186
404,60,0.0000199
405,60,0.0000199
406,47,0.0000156
407,61,0.0000203
408,48,0.0000160
409,57,0.0000189
410,45,0.0000150
411,48,0.0000160
412,64,0.0000213
413,38,0.0000126
414,33,0.0000110
415,44,0.0000146
416,46,0.0000153
417,58,0.0000193
418,37,0.0000123
419,51,0.0000169
420,52,0.0000173
421,53,0.0000176
422,44,0.0000146
423,37,0.0000123
424,56,0.0000186
425,46,0.0000153
426,44,0.0000146
427,39,0.0000130
428,43,0.0000143
429,39,0.0000130
430,39,0.0000130
431,44,0.0000146
432,40,0.0000133
433,51,0.0000169
434,48,0.0000160
435,37,0.0000123
436,42,0.0000140
437,48,0.0000160
438,49,0.0000163
439,41,0.0000136
440,40,0.0000133
441,41,0.0000136
442,51,0.0000169
443,41,0.0000136
444,36,0.0000120
445,33,0.0000110
446,47,0.0000156
447,45,0.0000150
448,54,0.0000179
449,38,0.0000126
450,32,0.0000106
451,40,0.0000133
452,36,0.0000120
453,36,0.0000120
454,42,0.0000140
455,41,0.0000136
456,36,0.0000120
457,51,0.0000169
458,37,0.0000123
459,44,0.0000146
460,45,0.0000150
461,36,0.0000120
462,33,0.0000110
463,39,0.0000130
464,44,0.0000146
465,27,0.0000090
466,25,0.0000083
467,36,0.0000120
468,32,0.0000106
469,39,0.0000130
470,33,0.0000110
471,33,0.0000110
472,39,0.0000130
473,51,0.0000169
474,47,0.0000156
475,40,0.0000133
476,46,0.0000153
477,41,0.0000136
478,53,0.0000176
479,26,0.0000086
480,37,0.0000123
481,34,0.0000113
482,47,0.0000156
483,35,0.0000116
484,39,0.0000130
485,33,0.0000110
486,39,0.0000130
487,42,0.0000140
488,33,0.0000110
489,32,0.0000106
490,37,0.0000123
491,27,0.0000090
492,33,0.0000110
493,38,0.0000126
494,34,0.0000113
495,30,0.0000100
496,25,0.0000083
497,30,0.0000100
498,26,0.0000086
499,33,0.0000110
500,28,0.0000093
501,28,0.0000093
502,27,0.0000090
503,34,0.0000113
504,35,0.0000116
505,39,0.0000130
506,26,0.0000086
507,34,0.0000113
508,23,0.0000076
509,27,0.0000090
510,34,0.0000113
511,26,0.0000086
512,30,0.0000100
513,31,0.0000103
514,35,0.0000116
515,38,0.0000126
516,33,0.0000110
517,38,0.0000126
518,33,0.0000110
519,33,0.0000110
520,40,0.0000133
521,34,0.0000113
522,25,0.0000083
523,27,0.0000090
524,32,0.0000106
525,38,0.0000126
526,31,0.0000103
527,27,0.0000090
528,40,0.0000133
529,30,0.0000100
530,34,0.0000113
531,29,0.0000096
532,37,0.0000123
533,30,0.0000100
534,25,0.0000083
535,23,0.0000076
536,21,0.0000070
537,31,0.0000103
538,24,0.0000080
539,25,0.0000083
540,25,0.0000083
541,40,0.0000133
542,30,0.0000100
543,21,0.0000070
544,38,0.0000126
545,30,0.0000100
546,32,0.0000106
547,36,0.0000120
548,23,0.0000076
549,22,0.0000073
550,26,0.0000086
551,29,0.0000096
552,32,0.0000106
553,22,0.0000073
554,29,0.0000096
555,33,0.0000110
556,27,0.0000090
557,33,0.0000110
558,30,0.0000100
559,23,0.0000076
560,23,0.0000076
561,28,0.0000093
562,24,0.0000080
563,29,0.0000096
564,21,0.0000070
565,27,0.0000090
566,22,0.0000073
567,28,0.0000093
568,27,0.0000090
569,32,0.0000106
570,30,0.0000100
571,26,0.0000086
572,22,0.0000073
573,29,0.0000096
574,24,0.0000080
575,22,0.0000073
576,20,0.0000066
577,39,0.0000130
578,23,0.0000076
579,33,0.0000110
580,35,0.0000116
581,28,0.0000093
582,18,0.0000060
583,26,0.0000086
584,28,0.0000093
585,35,0.0000116
586,28,0.0000093
587,21,0.0000070
588,26,0.0000086
589,27,0.0000090
590,37,0.0000123
591,27,0.0000090
592,25,0.0000083
593,25,0.0000083
594,24,0.0000080
595,18,0.0000060
596,18,0.0000060
597,23,0.0000076
598,25,0.0000083
599,19,0.0000063
600,14,0.0000047
601,21,0.0000070
602,24,0.0000080
603,20,0.0000066
604,27,0.0000090
605,20,0.0000066
606,18,0.0000060
607,24,0.0000080
608,22,0.0000073
609,19,0.0000063
610,25,0.0000083
611,26,0.0000086
612,24,0.0000080
613,21,0.0000070
614,18,0.0000060
615,19,0.0000063
616,26,0.0000086
617,15,0.0000050
618,22,0.0000073
619,20,0.0000066
620,14,0.0000047
621,19,0.0000063
622,20,0.0000066
623,19,0.0000063
624,16,0.0000053
625,21,0.0000070
626,24,0.0000080
627,17,0.0000056
628,15,0.0000050
629,32,0.0000106
630,18,0.0000060
631,14,0.0000047
632,20,0.0000066
633,20,0.0000066
634,18,0.0000060
635,27,0.0000090
636,27,0.0000090
637,26,0.0000086
638,22,0.0000073
639,18,0.0000060
640,16,0.0000053
641,25,0.0000083
642,19,0.0000063
643,20,0.0000066
644,12,0.0000040
645,22,0.0000073
646,18,0.0000060
647,23,0.0000076
648,17,0.0000056
649,18,0.0000060
650,15,0.0000050
651,28,0.0000093
652,22,0.0000073
653,16,0.0000053
654,13,0.0000043
655,19,0.0000063
656,17,0.0000056
657,21,0.0000070
658,20,0.0000066
659,29,0.0000096
660,21,0.0000070
661,22,0.0000073
662,18,0.0000060
663,19,0.0000063
664,26,0.0000086
665,17,0.0000056
666,25,0.0000083
667,22,0.0000073
668,15,0.0000050
669,29,0.0000096
670,17,0.0000056
671,17,0.0000056
672,14,0.0000047
673,29,0.0000096
674,17,0.0000056
675,13,0.0000043
676,21,0.0000070
677,22,0.0000073
678,20,0.0000066
679,19,0.0000063
680,26,0.0000086
681,19,0.0000063
682,10,0.0000033
683,21,0.0000070
684,18,0.0000060
685,21,0.0000070
686,19,0.0000063
687,22,0.0000073
688,16,0.0000053
689,18,0.0000060
690,16,0.0000053
691,17,0.0000056
692,17,0.0000056
693,22,0.0000073
694,19,0.0000063
695,23,0.0000076
696,20,0.0000066
697,23,0.0000076
698,17,0.0000056
699,10,0.0000033
700,15,0.0000050
701,15,0.0000050
702,14,0.0000047
703,17,0.0000056
704,18,0.0000060
705,14,0.0000047
706,17,0.0000056
707,22,0.0000073
708,13,0.0000043
709,16,0.0000053
710,16,0.0000053
711,13,0.0000043
712,16,0.0000053
713,24,0.0000080
714,12,0.0000040
715,11,0.0000037
716,16,0.0000053
717,15,0.0000050
718,10,0.0000033
719,21,0.0000070
720,13,0.0000043
721,15,0.0000050
722,16,0.0000053
723,7,0.0000023
724,16,0.0000053
725,16,0.0000053
726,20,0.0000066
727,21,0.0000070
728,13,0.0000043
729,14,0.0000047
730,15,0.0000050
731,19,0.0000063
732,11,0.0000037
733,11,0.0000037
734,18,0.0000060
735,19,0.0000063
736,18,0.0000060
737,13,0.0000043
738,14,0.0000047
739,13,0.0000043
740,18,0.0000060
741,16,0.0000053
742,14,0.0000047
743,20,0.0000066
744,12,0.0000040
745,10,0.0000033
746,27,0.0000090
747,17,0.0000056
748,16,0.0000053
749,11,0.0000037
750,11,0.0000037
751,16,0.0000053
752,11,0.0000037
753,12,0.0000040
754,16,0.0000053
755,19,0.0000063
756,25,0.0000083
757,12,0.0000040
758,15,0.0000050
759,16,0.0000053
760,14,0.0000047
761,18,0.0000060
762,13,0.0000043
763,15,0.0000050
764,13,0.0000043
765,18,0.0000060
766,20,0.0000066
767,9,0.0000030
768,5,0.0000017
769,14,0.0000047
770,19,0.0000063
771,19,0.0000063
772,11,0.0000037
773,21,0.0000070
774,14,0.0000047
775,15,0.0000050
776,15,0.0000050
777,22,0.0000073
778,17,0.0000056
779,14,0.0000047
780,10,0.0000033
781,17,0.0000056
782,15,0.0000050
783,12,0.0000040
784,16,0.0000053
785,9,0.0000030
786,16,0.0000053
787,11,0.0000037
788,14,0.0000047
789,12,0.0000040
790,13,0.0000043
791,12,0.0000040
792,13,0.0000043
793,12,0.0000040
794,13,0.0000043
795,16,0.0000053
796,15,0.0000050
797,12,0.0000040
798,14,0.0000047
799,17,0.0000056
800,15,0.0000050
801,17,0.0000056
802,19,0.0000063
803,19,0.0000063
804,12,0.0000040
805,15,0.0000050
806,11,0.0000037
807,24,0.0000080
808,13,0.0000043
809,7,0.0000023
810,14,0.0000047
811,16,0.0000053
812,7,0.0000023
813,14,0.0000047
814,13,0.0000043
815,9,0.0000030
816,14,0.0000047
817,7,0.0000023
818,17,0.0000056
819,11,0.0000037
820,8,0.0000027
821,15,0.0000050
822,17,0.0000056
823,13,0.0000043
824,12,0.0000040
825,4,0.0000013
826,15,0.0000050
827,9,0.0000030
828,13,0.0000043
829,14,0.0000047
830,18,0.0000060
831,9,0.0000030
832,13,0.0000043
833,14,0.0000047
834,11,0.0000037
835,12,0.0000040
836,6,0.0000020
837,14,0.0000047
838,12,0.0000040
839,6,0.0000020
840,14,0.0000047
841,11,0.0000037
842,14,0.0000047
843,9,0.0000030
844,13,0.0000043
845,10,0.0000033
846,12,0.0000040
847,12,0.0000040
848,14,0.0000047
849,6,0.0000020
850,12,0.0000040
851,7,0.0000023
852,8,0.0000027
853,17,0.0000056
854,5,0.0000017
855,10,0.0000033
856,8,0.0000027
857,9,0.0000030
858,14,0.0000047
859,22,0.0000073
860,14,0.0000047
861,14,0.0000047
862,9,0.0000030
863,7,0.0000023
864,10,0.0000033
865,4,0.0000013
866,14,0.0000047
867,19,0.0000063
868,7,0.0000023
869,14,0.0000047
870,7,0.0000023
871,7,0.0000023
872,8,0.0000027
873,11,0.0000037
874,9,0.0000030
875,6,0.0000020
876,13,0.0000043
877,12,0.0000040
878,13,0.0000043
879,11,0.0000037
880,13,0.0000043
881,14,0.0000047
882,11,0.0000037
883,13,0.0000043
884,14,0.0000047
885,11,0.0000037
886,13,0.0000043
887,13,0.0000043
888,7,0.0000023
889,5,0.0000017
890,10,0.0000033
891,11,0.0000037
892,9,0.0000030
893,10,0.0000033
894,12,0.0000040
895,14,0.0000047
896,9,0.0000030
897,14,0.0000047
898,13,0.0000043
899,17,0.0000056
900,13,0.0000043
901,6,0.0000020
902,7,0.0000023
903,5,0.0000017
904,13,0.0000043
905,9,0.0000030
906,5,0.0000017
907,7,0.0000023
908,11,0.0000037
909,10,0.0000033
910,7,0.0000023
911,11,0.0000037
912,15,0.0000050
913,10,0.0000033
914,4,0.0000013
915,13,0.0000043
916,12,0.0000040
917,11,0.0000037
918,6,0.0000020
919,13,0.0000043
920,13,0.0000043
921,8,0.0000027
922,7,0.0000023
923,16,0.0000053
924,7,0.0000023
925,14,0.0000047
926,8,0.0000027
927,8,0.0000027
928,11,0.0000037
929,14,0.0000047
930,7,0.0000023
931,5,0.0000017
932,5,0.0000017
933,7,0.0000023
934,13,0.0000043
935,5,0.0000017
936,13,0.0000043
937,17,0.0000056
938,13,0.0000043
939,5,0.0000017
940,5,0.0000017
941,13,0.0000043
942,16,0.0000053
943,7,0.0000023
944,4,0.0000013
945,12,0.0000040
946,11,0.0000037
947,12,0.0000040
948,6,0.0000020
949,12,0.0000040
950,10,0.0000033
951,12,0.0000040
952,7,0.0000023
953,10,0.0000033
954,8,0.0000027
955,11,0.0000037
956,8,0.0000027
957,8,0.0000027
958,10,0.0000033
959,8,0.0000027
960,10,0.0000033
961,8,0.0000027
962,14,0.0000047
963,10,0.0000033
964,8,0.0000027
965,7,0.0000023
966,8,0.0000027
967,12,0.0000040
968,6,0.0000020
969,7,0.0000023
970,9,0.0000030
971,5,0.0000017
972,6,0.0000020
973,5,0.0000017
974,5,0.0000017
975,4,0.0000013
976,11,0.0000037
977,6,0.0000020
978,5,0.0000017
979,10,0.0000033
980,7,0.0000023
981,11,0.0000037
982,10,0.0000033
983,11,0.0000037
984,7,0.0000023
985,4,0.0000013
986,4,0.0000013
987,8,0.0000027
988,10,0.0000033
989,5,0.0000017
990,6,0.0000020
991,6,0.0000020
992,12,0.0000040
993,7,0.0000023
994,8,0.0000027
995,11,0.0000037
996,12,0.0000040
997,10,0.0000033
998,8,0.0000027
999,8,0.0000027
1000,13,0.0000043
1001,6,0.0000020
1002,14,0.0000047
1003,11,0.0000037
1004,7,0.0000023
1005,7,0.0000023
1006,8,0.0000027
1007,5,0.0000017
1008,6,0.0000020
1009,9,0.0000030
1010,10,0.0000033
1011,13,0.0000043
1012,12,0.0000040
1013,9,0.0000030
1014,5,0.0000017
1015,2,0.0000007
1016,13,0.0000043
1017,11,0.0000037
1018,7,0.0000023
1019,6,0.0000020
1020,6,0.0000020
1021,6,0.0000020
1022,10,0.0000033
1023,6,0.0000020
1024,7,0.0000023
1025,6,0.0000020
1026,8,0.0000027
1027,10,0.0000033
1028,5,0.0000017
1029,10,0.0000033
1030,7,0.0000023
1031,6,0.0000020
1032,9,0.0000030
1033,7,0.0000023
1034,8,0.0000027
1035,9,0.0000030
1036,7,0.0000023
1037,5,0.0000017
1038,9,0.0000030
1039,4,0.0000013
1040,8,0.0000027
1041,9,0.0000030
1042,12,0.0000040
1043,8,0.0000027
1044,8,0.0000027
1045,7,0.0000023
1046,7,0.0000023
1047,11,0.0000037
1048,8,0.0000027
1049,4,0.0000013
1050,9,0.0000030
1051,12,0.0000040
1052,5,0.0000017
1053,10,0.0000033
1054,11,0.0000037
1055,10,0.0000033
1056,6,0.0000020
1057,3,0.0000010
1058,5,0.0000017
1059,6,0.0000020
1060,3,0.0000010
1061,9,0.0000030
1062,5,0.0000017
1063,10,0.0000033
1064,10,0.0000033
1065,4,0.0000013
1066,9,0.0000030
1067,5,0.0000017
1068,5,0.0000017
1069,2,0.0000007
1070,7,0.0000023
1071,7,0.0000023
1072,5,0.0000017
1073,11,0.0000037
1074,6,0.0000020
1075,4,0.0000013
1076,7,0.0000023
1077,4,0.0000013
1078,9,0.0000030
1079,6,0.0000020
1080,9,0.0000030
1081,6,0.0000020
1082,4,0.0000013
1083,9,0.0000030
1084,6,0.0000020
1085,7,0.0000023
1086,8,0.0000027
1087,10,0.0000033
1088,4,0.0000013
1089,8,0.0000027
1090,7,0.0000023
1091,6,0.0000020
1092,8,0.0000027
1093,6,0.0000020
1094,6,0.0000020
1095,9,0.0000030
1096,10,0.0000033
1097,7,0.0000023
1098,9,0.0000030
1099,5,0.0000017
1100,8,0.0000027
1101,10,0.0000033
1102,5,0.0000017
1103,3,0.0000010
1104,4,0.0000013
1105,3,0.0000010
1106,6,0.0000020
1107,4,0.0000013
1108,3,0.0000010
1109,2,0.0000007
1110,6,0.0000020
1111,7,0.0000023
1112,11,0.0000037
1113,8,0.0000027
1114,5,0.0000017
1115,4,0.0000013
1116,8,0.0000027
1117,6,0.0000020
1118,6,0.0000020
1119,8,0.0000027
1120,7,0.0000023
1121,6,0.0000020
1122,3,0.0000010
1123,5,0.0000017
1124,6,0.0000020
1125,6,0.0000020
1126,6,0.0000020
1127,8,0.0000027
1128,4,0.0000013
1129,8,0.0000027
1130,5,0.0000017
1131,8,0.0000027
1132,11,0.0000037
1133,4,0.0000013
1134,7,0.0000023
1135,5,0.0000017
1136,11,0.0000037
1137,5,0.0000017
1138,5,0.0000017
1139,9,0.0000030
1140,6,0.0000020
1141,7,0.0000023
1142,4,0.0000013
1143,7,0.0000023
1144,6,0.0000020
1145,5,0.0000017
1146,5,0.0000017
1147,4,0.0000013
1148,2,0.0000007
1149,6,0.0000020
1151,4,0.0000013
1152,4,0.0000013
1153,4,0.0000013
1154,6,0.0000020
1155,6,0.0000020
1156,7,0.0000023
1157,8,0.0000027
1158,6,0.0000020
1159,7,0.0000023
1160,5,0.0000017
1161,3,0.0000010
1162,3,0.0000010
1163,1,0.0000003
1164,10,0.0000033
1165,6,0.0000020
1166,6,0.0000020
1167,7,0.0000023
1168,10,0.0000033
1169,4,0.0000013
1170,9,0.0000030
1171,4,0.0000013
1172,2,0.0000007
1173,3,0.0000010
1174,6,0.0000020
1175,9,0.0000030
1176,4,0.0000013
1177,6,0.0000020
1178,6,0.0000020
1179,9,0.0000030
1180,5,0.0000017
1181,7,0.0000023
1182,3,0.0000010
1183,4,0.0000013
1184,5,0.0000017
1185,4,0.0000013
1186,4,0.0000013
1187,2,0.0000007
1188,4,0.0000013
1189,8,0.0000027
1190,6,0.0000020
1191,4,0.0000013
1192,7,0.0000023
1193,5,0.0000017
1194,3,0.0000010
1195,1,0.0000003
1196,4,0.0000013
1197,11,0.0000037
1198,8,0.0000027
1199,3,0.0000010
1200,9,0.0000030
1201,5,0.0000017
1202,6,0.0000020
1203,7,0.0000023
1204,5,0.0000017
1205,2,0.0000007
1206,9,0.0000030
1207,9,0.0000030
1208,9,0.0000030
1209,8,0.0000027
1210,4,0.0000013
1211,4,0.0000013
1212,2,0.0000007
1213,3,0.0000010
1214,7,0.0000023
1215,6,0.0000020
1216,7,0.0000023
1217,7,0.0000023
1218,4,0.0000013
1219,8,0.0000027
1220,2,0.0000007
1221,5,0.0000017
1222,4,0.0000013
1223,8,0.0000027
1224,5,0.0000017
1225,2,0.0000007
1226,8,0.0000027
1227,2,0.0000007
1228,8,0.0000027
1229,3,0.0000010
1230,5,0.0000017
1231,5,0.0000017
1232,4,0.0000013
1233,5,0.0000017
1234,8,0.0000027
1236,6,0.0000020
1237,8,0.0000027
1238,5,0.0000017
1239,4,0.0000013
1240,4,0.0000013
1241,5,0.0000017
1242,6,0.0000020
1243,9,0.0000030
1244,7,0.0000023
1245,2,0.0000007
1246,5,0.0000017
1247,5,0.0000017
1248,6,0.0000020
1249,3,0.0000010
1250,3,0.0000010
1251,4,0.0000013
1252,6,0.0000020
1253,5,0.0000017
1254,2,0.0000007
1255,7,0.0000023
1256,8,0.0000027
1258,4,0.0000013
1259,3,0.0000010
1260,6,0.0000020
1261,7,0.0000023
1262,2,0.0000007
1263,4,0.0000013
1264,2,0.0000007
1265,6,0.0000020
1266,5,0.0000017
1267,6,0.0000020
1268,8,0.0000027
1269,5,0.0000017
1270,4,0.0000013
1271,4,0.0000013
1272,4,0.0000013
1273,7,0.0000023
1274,6,0.0000020
1275,3,0.0000010
1276,4,0.0000013
1277,6,0.0000020
1278,5,0.0000017
1279,3,0.0000010
1280,6,0.0000020
1281,2,0.0000007
1282,2,0.0000007
1283,7,0.0000023
1284,7,0.0000023
1285,1,0.0000003
1286,4,0.0000013
1287,3,0.0000010
1288,2,0.0000007
1289,6,0.0000020
1290,4,0.0000013
1291,4,0.0000013
1292,5,0.0000017
1293,2,0.0000007
1294,6,0.0000020
1295,4,0.0000013
1296,5,0.0000017
1297,2,0.0000007
1298,4,0.0000013
1299,4,0.0000013
1300,5,0.0000017
1301,5,0.0000017
1302,6,0.0000020
1303,4,0.0000013
1304,6,0.0000020
1305,2,0.0000007
1306,9,0.0000030
1307,5,0.0000017
1308,7,0.0000023
1309,5,0.0000017
1310,1,0.0000003
1311,1,0.0000003
1312,2,0.0000007
1313,8,0.0000027
1314,2,0.0000007
1315,2,0.0000007
1316,7,0.0000023
1317,2,0.0000007
1318,4,0.0000013
1319,12,0.0000040
1320,3,0.0000010
1321,5,0.0000017
1322,5,0.0000017
1323,4,0.0000013
1324,1,0.0000003
1325,6,0.0000020
1326,2,0.0000007
1327,8,0.0000027
1328,2,0.0000007
1329,1,0.0000003
1330,4,0.0000013
1331,4,0.0000013
1332,2,0.0000007
1333,3,0.0000010
1334,2,0.0000007
1335,4,0.0000013
1336,2,0.0000007
1337,3,0.0000010
1338,2,0.0000007
1339,3,0.0000010
1340,5,0.0000017
1341,1,0.0000003
1342,3,0.0000010
1343,4,0.0000013
1344,3,0.0000010
1345,2,0.0000007
1346,3,0.0000010
1347,4,0.0000013
1348,3,0.0000010
1349,4,0.0000013
1350,5,0.0000017
1351,9,0.0000030
1352,3,0.0000010
1353,6,0.0000020
1354,3,0.0000010
1355,3,0.0000010
1356,4,0.0000013
1357,4,0.0000013
1358,3,0.0000010
1359,3,0.0000010
1360,5,0.0000017
1361,7,0.0000023
1362,2,0.0000007
1363,4,0.0000013
1364,5,0.0000017
1365,3,0.0000010
1366,4,0.0000013
1367,9,0.0000030
1368,3,0.0000010
1369,6,0.0000020
1370,2,0.0000007
1371,1,0.0000003
1372,1,0.0000003
1373,4,0.0000013
1374,5,0.0000017
1375,3,0.0000010
1376,5,0.0000017
1377,2,0.0000007
1378,2,0.0000007
1379,4,0.0000013
1380,1,0.0000003
1381,1,0.0000003
1382,4,0.0000013
1383,5,0.0000017
1384,6,0.0000020
1385,5,0.0000017
1386,3,0.0000010
1387,4,0.0000013
1388,3,0.0000010
1389,2,0.0000007
1390,2,0.0000007
1391,3,0.0000010
1392,5,0.0000017
1393,2,0.0000007
1394,5,0.0000017
1395,3,0.0000010
1396,4,0.0000013
1397,3,0.0000010
1398,3,0.0000010
1399,3,0.0000010
1400,1,0.0000003
1401,2,0.0000007
1402,6,0.0000020
1403,6,0.0000020
1404,2,0.0000007
1405,3,0.0000010
1406,3,0.0000010
1407,3,0.0000010
1408,6,0.0000020
1409,2,0.0000007
1410,4,0.0000013
1411,5,0.0000017
1412,3,0.0000010
1413,1,0.0000003
1414,3,0.0000010
1415,4,0.0000013
1416,3,0.0000010
1417,3,0.0000010
1418,2,0.0000007
1419,1,0.0000003
1420,6,0.0000020
1421,3,0.0000010
1422,3,0.0000010
1423,4,0.0000013
1424,7,0.0000023
1425,1,0.0000003
1427,3,0.0000010
1428,2,0.0000007
1429,4,0.0000013
1430,4,0.0000013
1431,4,0.0000013
1432,1,0.0000003
1433,5,0.0000017
1434,3,0.0000010
1435,1,0.0000003
1436,1,0.0000003
1437,3,0.0000010
1438,3,0.0000010
1439,3,0.0000010
1440,1,0.0000003
1441,4,0.0000013
1442,6,0.0000020
1443,5,0.0000017
1444,6,0.0000020
1445,5,0.0000017
1447,2,0.0000007
1448,3,0.0000010
1449,3,0.0000010
1450,2,0.0000007
1451,4,0.0000013
1452,1,0.0000003
1453,5,0.0000017
1454,6,0.0000020
1455,4,0.0000013
1456,4,0.0000013
1457,3,0.0000010
1458,2,0.0000007
1460,2,0.0000007
1462,2,0.0000007
1463,1,0.0000003
1464,5,0.0000017
1465,2,0.0000007
1466,3,0.0000010
1467,2,0.0000007
1468,5,0.0000017
1469,4,0.0000013
1470,2,0.0000007
1471,4,0.0000013
1472,3,0.0000010
1473,6,0.0000020
1474,6,0.0000020
1475,3,0.0000010
1476,2,0.0000007
1477,2,0.0000007
1478,5,0.0000017
1480,4,0.0000013
1481,4,0.0000013
1482,3,0.0000010
1483,3,0.0000010
1484,3,0.0000010
1485,2,0.0000007
1486,5,0.0000017
1487,2,0.0000007
1488,5,0.0000017
1489,6,0.0000020
1490,6,0.0000020
1491,4,0.0000013
1492,4,0.0000013
1493,3,0.0000010
1494,2,0.0000007
1495,4,0.0000013
1496,1,0.0000003
1497,4,0.0000013
1498,3,0.0000010
1499,3,0.0000010
1500,4,0.0000013
1501,3,0.0000010
1502,3,0.0000010
1503,4,0.0000013
1504,1,0.0000003
1505,5,0.0000017
1506,3,0.0000010
1507,2,0.0000007
1508,1,0.0000003
1509,5,0.0000017
1510,3,0.0000010
1512,5,0.0000017
1513,2,0.0000007
1514,3,0.0000010
1515,6,0.0000020
1516,3,0.0000010
1517,7,0.0000023
1518,3,0.0000010
1519,4,0.0000013
1520,1,0.0000003
1522,2,0.0000007
1523,4,0.0000013
1524,3,0.0000010
1525,1,0.0000003
1526,3,0.0000010
1527,4,0.0000013
1528,4,0.0000013
1529,1,0.0000003
1530,4,0.0000013
1532,2,0.0000007
1533,3,0.0000010
1534,2,0.0000007
1535,4,0.0000013
1536,5,0.0000017
1537,1,0.0000003
1538,2,0.0000007
1539,2,0.0000007
1540,3,0.0000010
1541,5,0.0000017
1542,9,0.0000030
1543,4,0.0000013
1544,4,0.0000013
1545,3,0.0000010
1546,4,0.0000013
1547,8,0.0000027
1548,2,0.0000007
1549,2,0.0000007
1550,3,0.0000010
1551,4,0.0000013
1552,1,0.0000003
1553,3,0.0000010
1554,4,0.0000013
1556,2,0.0000007
1557,4,0.0000013
1558,5,0.0000017
1559,4,0.0000013
1560,2,0.0000007
1561,2,0.0000007
1562,4,0.0000013
1563,3,0.0000010
1564,5,0.0000017
1565,2,0.0000007
1566,3,0.0000010
1567,5,0.0000017
1569,4,0.0000013
1570,3,0.0000010
1571,2,0.0000007
1572,3,0.0000010
1573,1,0.0000003
1574,2,0.0000007
1575,5,0.0000017
1576,1,0.0000003
1577,1,0.0000003
1578,2,0.0000007
1579,3,0.0000010
1580,1,0.0000003
1581,1,0.0000003
1582,1,0.0000003
1583,2,0.0000007
1584,3,0.0000010
1585,4,0.0000013
1586,1,0.0000003
1587,5,0.0000017
1588,2,0.0000007
1589,4,0.0000013
1590,1,0.0000003
1591,5,0.0000017
1592,1,0.0000003
1593,3,0.0000010
1594,1,0.0000003
1595,1,0.0000003
1596,1,0.0000003
1597,3,0.0000010
1598,1,0.0000003
1599,3,0.0000010
1600,3,0.0000010
1601,4,0.0000013
1602,4,0.0000013
1603,5,0.0000017
1604,3,0.0000010
1605,6,0.0000020
1606,3,0.0000010
1607,2,0.0000007
1608,3,0.0000010
1610,4,0.0000013
1611,4,0.0000013
1612,2,0.0000007
1613,2,0.0000007
1614,3,0.0000010
1615,2,0.0000007
1616,2,0.0000007
1617,4,0.0000013
1618,3,0.0000010
1619,2,0.0000007
1620,4,0.0000013
1621,2,0.0000007
1622,5,0.0000017
1623,5,0.0000017
1624,1,0.0000003
1626,5,0.0000017
1627,5,0.0000017
1628,2,0.0000007
1629,1,0.0000003
1630,4,0.0000013
1631,2,0.0000007
1632,2,0.0000007
1633,4,0.0000013
1634,2,0.0000007
1635,3,0.0000010
1636,4,0.0000013
1637,4,0.0000013
1638,2,0.0000007
1639,2,0.0000007
1640,3,0.0000010
1641,3,0.0000010
1642,3,0.0000010
1643,4,0.0000013
1646,2,0.0000007
1647,4,0.0000013
1648,3,0.0000010
1649,1,0.0000003
1650,1,0.0000003
1652,3,0.0000010
1653,3,0.0000010
1654,3,0.0000010
1655,6,0.0000020
1656,5,0.0000017
1657,2,0.0000007
1658,2,0.0000007
1659,2,0.0000007
1660,3,0.0000010
1661,2,0.0000007
1663,4,0.0000013
1664,1,0.0000003
1665,5,0.0000017
1666,3,0.0000010
1667,3,0.0000010
1668,3,0.0000010
1669,7,0.0000023
1670,7,0.0000023
1671,1,0.0000003
1672,1,0.0000003
1673,2,0.0000007
1674,1,0.0000003
1675,2,0.0000007
1676,2,0.0000007
1677,2,0.0000007
1678,5,0.0000017
1679,5,0.0000017
1680,2,0.0000007
1681,3,0.0000010
1682,1,0.0000003
1683,1,0.0000003
1684,2,0.0000007
1685,4,0.0000013
1686,3,0.0000010
1687,5,0.0000017
1688,3,0.0000010
1690,2,0.0000007
1692,1,0.0000003
1693,3,0.0000010
1694,5,0.0000017
1696,2,0.0000007
1697,3,0.0000010
1698,4,0.0000013
1699,5,0.0000017
1700,1,0.0000003
1701,1,0.0000003
1702,4,0.0000013
1703,1,0.0000003
1705,1,0.0000003
1706,1,0.0000003
1707,3,0.0000010
1708,2,0.0000007
1709,3,0.0000010
1710,3,0.0000010
1711,3,0.0000010
1712,1,0.0000003
1713,2,0.0000007
1714,4,0.0000013
1715,1,0.0000003
1716,2,0.0000007
1717,2,0.0000007
1718,3,0.0000010
1719,2,0.0000007
1720,3,0.0000010
1722,2,0.0000007
1723,3,0.0000010
1724,1,0.0000003
1725,2,0.0000007
1726,2,0.0000007
1727,3,0.0000010
1728,4,0.0000013
1729,2,0.0000007
1730,1,0.0000003
1731,2,0.0000007
1732,6,0.0000020
1733,2,0.0000007
1734,5,0.0000017
1735,3,0.0000010
1736,2,0.0000007
1737,4,0.0000013
1738,1,0.0000003
1739,3,0.0000010
1740,4,0.0000013
1741,3,0.0000010
1742,4,0.0000013
1743,2,0.0000007
1744,1,0.0000003
1745,3,0.0000010
1746,3,0.0000010
1747,1,0.0000003
1748,5,0.0000017
1749,4,0.0000013
1750,2,0.0000007
1751,2,0.0000007
1752,1,0.0000003
1753,3,0.0000010
1755,2,0.0000007
1756,1,0.0000003
1757,2,0.0000007
1758,1,0.0000003
1759,5,0.0000017
1760,1,0.0000003
1761,1,0.0000003
1762,3,0.0000010
1763,2,0.0000007
1764,1,0.0000003
1765,5,0.0000017
1766,1,0.0000003
1767,1,0.0000003
1769,1,0.0000003
1770,1,0.0000003
1772,2,0.0000007
1773,4,0.0000013
1774,2,0.0000007
1775,5,0.0000017
1776,1,0.0000003
1778,3,0.0000010
1779,1,0.0000003
1780,3,0.0000010
1781,4,0.0000013
1782,3,0.0000010
1783,4,0.0000013
1784,4,0.0000013
1785,2,0.0000007
1786,6,0.0000020
1787,3,0.0000010
1788,1,0.0000003
1789,2,0.0000007
1790,3,0.0000010
1791,4,0.0000013
1792,5,0.0000017
1793,1,0.0000003
1794,1,0.0000003
1795,1,0.0000003
1796,1,0.0000003
1797,3,0.0000010
1798,2,0.0000007
1799,2,0.0000007
1800,1,0.0000003
1801,1,0.0000003
1802,3,0.0000010
1803,4,0.0000013
1804,1,0.0000003
1805,1,0.0000003
1806,3,0.0000010
1807,4,0.0000013
1808,2,0.0000007
1809,4,0.0000013
1810,4,0.0000013
1811,3,0.0000010
1814,2,0.0000007
1816,2,0.0000007
1817,2,0.0000007
1818,1,0.0000003
1819,1,0.0000003
1820,2,0.0000007
1821,3,0.0000010
1822,1,0.0000003
1823,5,0.0000017
1824,3,0.0000010
1825,4,0.0000013
1826,1,0.0000003
1827,2,0.0000007
1828,3,0.0000010
1829,2,0.0000007
1830,1,0.0000003
1831,3,0.0000010
1832,2,0.0000007
1833,3,0.0000010
1834,5,0.0000017
1835,5,0.0000017
1836,2,0.0000007
1837,2,0.0000007
1838,1,0.0000003
1839,6,0.0000020
1840,1,0.0000003
1841,2,0.0000007
1842,2,0.0000007
1843,1,0.0000003
1844,2,0.0000007
1845,5,0.0000017
1846,3,0.0000010
1847,3,0.0000010
1848,1,0.0000003
1849,2,0.0000007
1850,1,0.0000003
1851,1,0.0000003
1852,2,0.0000007
1853,1,0.0000003
1854,1,0.0000003
1855,2,0.0000007
1856,3,0.0000010
1857,5,0.0000017
1858,2,0.0000007
1859,4,0.0000013
1861,1,0.0000003
1862,2,0.0000007
1863,4,0.0000013
1864,1,0.0000003
1865,4,0.0000013
1866,4,0.0000013
1867,3,0.0000010
1868,1,0.0000003
1869,2,0.0000007
1870,1,0.0000003
1871,1,0.0000003
1872,3,0.0000010
1873,3,0.0000010
1874,1,0.0000003
1875,1,0.0000003
1876,4,0.0000013
1877,1,0.0000003
1878,2,0.0000007
1879,2,0.0000007
1882,2,0.0000007
1883,3,0.0000010
1885,3,0.0000010
1886,1,0.0000003
1887,1,0.0000003
1888,2,0.0000007
1889,2,0.0000007
1890,2,0.0000007
1891,4,0.0000013
1892,5,0.0000017
1893,1,0.0000003
1895,3,0.0000010
1896,4,0.0000013
1897,2,0.0000007
1898,1,0.0000003
1899,3,0.0000010
1901,1,0.0000003
1902,1,0.0000003
1903,1,0.0000003
1904,1,0.0000003
1905,3,0.0000010
1906,3,0.0000010
1907,5,0.0000017
1909,4,0.0000013
1913,2,0.0000007
1914,3,0.0000010
1915,1,0.0000003
1916,2,0.0000007
1919,1,0.0000003
1920,1,0.0000003
1921,5,0.0000017
1922,1,0.0000003
1923,1,0.0000003
1924,2,0.0000007
1926,2,0.0000007
1927,1,0.0000003
1928,1,0.0000003
1930,3,0.0000010
1931,1,0.0000003
1932,2,0.0000007
1933,2,0.0000007
1934,3,0.0000010
1935,1,0.0000003
1936,1,0.0000003
1937,3,0.0000010
1938,1,0.0000003
1939,2,0.0000007
1940,4,0.0000013
1941,1,0.0000003
1942,2,0.0000007
1943,1,0.0000003
1944,1,0.0000003
1945,1,0.0000003
1946,5,0.0000017
1948,1,0.0000003
1950,3,0.0000010
1951,2,0.0000007
1952,2,0.0000007
1953,3,0.0000010
1954,2,0.0000007
1955,3,0.0000010
1956,3,0.0000010
1957,2,0.0000007
1958,1,0.0000003
1959,1,0.0000003
1960,2,0.0000007
1962,2,0.0000007
1963,1,0.0000003
1964,1,0.0000003
1965,1,0.0000003
1966,4,0.0000013
1968,1,0.0000003
1969,2,0.0000007
1971,2,0.0000007
1972,2,0.0000007
1973,1,0.0000003
1974,1,0.0000003
1976,3,0.0000010
1977,5,0.0000017
1978,2,0.0000007
1979,1,0.0000003
1980,3,0.0000010
1982,1,0.0000003
1983,2,0.0000007
1986,4,0.0000013
1987,1,0.0000003
1988,1,0.0000003
1989,3,0.0000010
1990,3,0.0000010
1991,2,0.0000007
1996,1,0.0000003
1998,2,0.0000007
2000,5,0.0000017
2001,2,0.0000007
2002,2,0.0000007
2003,1,0.0000003
2005,2,0.0000007
2006,2,0.0000007
2007,2,0.0000007
2008,1,0.0000003
2009,2,0.0000007
2010,2,0.0000007
2011,4,0.0000013
2012,2,0.0000007
2014,1,0.0000003
2015,2,0.0000007
2016,2,0.0000007
2017,1,0.0000003
2018,1,0.0000003
2019,2,0.0000007
2021,1,0.0000003
2022,4,0.0000013
2023,1,0.0000003
2024,4,0.0000013
2025,1,0.0000003
2026,3,0.0000010
2027,2,0.0000007
2029,3,0.0000010
2030,2,0.0000007
2031,1,0.0000003
2033,2,0.0000007
2035,2,0.0000007
2036,2,0.0000007
2038,2,0.0000007
2039,3,0.0000010
2040,3,0.0000010
2041,1,0.0000003
2042,2,0.0000007
2043,1,0.0000003
2044,1,0.0000003
2045,1,0.0000003
2046,1,0.0000003
2047,2,0.0000007
2048,1,0.0000003
2049,3,0.0000010
2050,3,0.0000010
2051,3,0.0000010
2052,1,0.0000003
2053,1,0.0000003
2054,1,0.0000003
2055,2,0.0000007
2056,1,0.0000003
2057,1,0.0000003
2058,3,0.0000010
2059,2,0.0000007
2060,1,0.0000003
2061,1,0.0000003
2062,4,0.0000013
2064,2,0.0000007
2067,2,0.0000007
2069,3,0.0000010
2070,3,0.0000010
2071,1,0.0000003
2072,3,0.0000010
2074,1,0.0000003
2075,1,0.0000003
2076,1,0.0000003
2077,3,0.0000010
2078,1,0.0000003
2080,1,0.0000003
2083,1,0.0000003
2084,1,0.0000003
2085,1,0.0000003
2086,2,0.0000007
2089,2,0.0000007
2090,3,0.0000010
2092,1,0.0000003
2096,1,0.0000003
2098,2,0.0000007
2104,1,0.0000003
2105,3,0.0000010
2106,1,0.0000003
2107,3,0.0000010
2109,1,0.0000003
2110,2,0.0000007
2111,2,0.0000007
2112,2,0.0000007
2114,1,0.0000003
2115,3,0.0000010
2116,2,0.0000007
2117,2,0.0000007
2119,1,0.0000003
2121,2,0.0000007
2123,1,0.0000003
2124,3,0.0000010
2125,2,0.0000007
2126,2,0.0000007
2127,1,0.0000003
2128,4,0.0000013
2129,2,0.0000007
2130,1,0.0000003
2131,1,0.0000003
2132,1,0.0000003
2133,1,0.0000003
2134,1,0.0000003
2135,3,0.0000010
2136,1,0.0000003
2137,4,0.0000013
2139,1,0.0000003
2140,1,0.0000003
2141,1,0.0000003
2143,1,0.0000003
2146,1,0.0000003
2147,1,0.0000003
2149,3,0.0000010
2150,2,0.0000007
2152,2,0.0000007
2154,2,0.0000007
2155,1,0.0000003
2156,1,0.0000003
2157,1,0.0000003
2160,2,0.0000007
2163,2,0.0000007
2165,2,0.0000007
2166,1,0.0000003
2167,2,0.0000007
2169,3,0.0000010
2171,2,0.0000007
2174,3,0.0000010
2175,1,0.0000003
2176,1,0.0000003
2177,1,0.0000003
2180,1,0.0000003
2181,2,0.0000007
2183,1,0.0000003
2184,1,0.0000003
2186,2,0.0000007
2187,1,0.0000003
2188,3,0.0000010
2189,2,0.0000007
2191,2,0.0000007
2192,1,0.0000003
2193,2,0.0000007
2194,1,0.0000003
2195,3,0.0000010
2196,1,0.0000003
2198,1,0.0000003
2199,1,0.0000003
2200,2,0.0000007
2201,1,0.0000003
2202,2,0.0000007
2203,2,0.0000007
2205,6,0.0000020
2206,1,0.0000003
2208,1,0.0000003
2209,1,0.0000003
2210,3,0.0000010
2211,1,0.0000003
2212,2,0.0000007
2213,1,0.0000003
2214,2,0.0000007
2215,3,0.0000010
2218,1,0.0000003
2219,1,0.0000003
2220,1,0.0000003
2221,1,0.0000003
2222,1,0.0000003
2224,1,0.0000003
2225,2,0.0000007
2226,3,0.0000010
2228,1,0.0000003
2229,2,0.0000007
2230,1,0.0000003
2231,1,0.0000003
2232,1,0.0000003
2233,1,0.0000003
2234,1,0.0000003
2235,2,0.0000007
2236,2,0.0000007
2239,3,0.0000010
2240,2,0.0000007
2241,2,0.0000007
2242,1,0.0000003
2244,1,0.0000003
2245,2,0.0000007
2246,4,0.0000013
2247,3,0.0000010
2248,4,0.0000013
2249,1,0.0000003
2250,1,0.0000003
2252,3,0.0000010
2254,1,0.0000003
2257,2,0.0000007
2258,2,0.0000007
2259,2,0.0000007
2260,2,0.0000007
2261,2,0.0000007
2262,2,0.0000007
2263,1,0.0000003
2264,1,0.0000003
2265,1,0.0000003
2266,1,0.0000003
2267,1,0.0000003
2268,1,0.0000003
2269,2,0.0000007
2271,1,0.0000003
2272,3,0.0000010
2273,1,0.0000003
2275,3,0.0000010
2276,2,0.0000007
2277,1,0.0000003
2278,3,0.0000010
2279,1,0.0000003
2280,1,0.0000003
2282,2,0.0000007
2283,3,0.0000010
2284,1,0.0000003
2285,3,0.0000010
2288,3,0.0000010
2291,2,0.0000007
2293,1,0.0000003
2294,2,0.0000007
2295,2,0.0000007
2296,1,0.0000003
2297,2,0.0000007
2299,3,0.0000010
2300,1,0.0000003
2301,1,0.0000003
2302,2,0.0000007
2303,3,0.0000010
2304,2,0.0000007
2305,1,0.0000003
2306,2,0.0000007
2307,1,0.0000003
2308,4,0.0000013
2309,2,0.0000007
2314,1,0.0000003
2317,2,0.0000007
2318,1,0.0000003
2319,1,0.0000003
2320,4,0.0000013
2321,1,0.0000003
2322,1,0.0000003
2323,1,0.0000003
2325,2,0.0000007
2326,1,0.0000003
2331,1,0.0000003
2332,1,0.0000003
2333,2,0.0000007
2334,1,0.0000003
2337,1,0.0000003
2338,3,0.0000010
2341,2,0.0000007
2344,1,0.0000003
2347,2,0.0000007
2348,1,0.0000003
2349,1,0.0000003
2351,2,0.0000007
2352,1,0.0000003
2353,1,0.0000003
2355,1,0.0000003
2356,3,0.0000010
2358,2,0.0000007
2359,1,0.0000003
2360,3,0.0000010
2361,1,0.0000003
2362,2,0.0000007
2363,1,0.0000003
2364,2,0.0000007
2365,1,0.0000003
2367,1,0.0000003
2368,2,0.0000007
2372,1,0.0000003
2374,2,0.0000007
2376,1,0.0000003
2377,1,0.0000003
2380,1,0.0000003
2381,1,0.0000003
2382,1,0.0000003
2383,2,0.0000007
2384,1,0.0000003
2385,1,0.0000003
2386,4,0.0000013
2387,1,0.0000003
2388,2,0.0000007
2389,2,0.0000007
2390,1,0.0000003
2391,1,0.0000003
2392,2,0.0000007
2396,2,0.0000007
2397,1,0.0000003
2398,1,0.0000003
2399,1,0.0000003
2401,1,0.0000003
2402,2,0.0000007
2403,3,0.0000010
2404,1,0.0000003
2405,1,0.0000003
2406,2,0.0000007
2407,1,0.0000003
2408,1,0.0000003
2409,1,0.0000003
2412,1,0.0000003
2413,1,0.0000003
2415,3,0.0000010
2416,1,0.0000003
2417,1,0.0000003
2418,1,0.0000003
2421,1,0.0000003
2422,2,0.0000007
2423,1,0.0000003
2424,1,0.0000003
2428,1,0.0000003
2431,1,0.0000003
2433,1,0.0000003
2434,3,0.0000010
2436,3,0.0000010
2439,1,0.0000003
2440,1,0.0000003
2441,1,0.0000003
2442,1,0.0000003
2444,3,0.0000010
2445,1,0.0000003
2447,1,0.0000003
2450,1,0.0000003
2451,1,0.0000003
2452,2,0.0000007
2456,1,0.0000003
2458,1,0.0000003
2459,1,0.0000003
2462,1,0.0000003
2464,1,0.0000003
2465,1,0.0000003
2467,1,0.0000003
2468,1,0.0000003
2470,3,0.0000010
2472,1,0.0000003
2474,1,0.0000003
2476,3,0.0000010
2479,1,0.0000003
2480,2,0.0000007
2482,1,0.0000003
2485,1,0.0000003
2488,1,0.0000003
2490,1,0.0000003
2492,1,0.0000003
2495,1,0.0000003
2497,1,0.0000003
2498,2,0.0000007
2499,1,0.0000003
2500,2,0.0000007
2501,1,0.0000003
2507,2,0.0000007
2508,2,0.0000007
2509,2,0.0000007
2510,1,0.0000003
2511,1,0.0000003
2512,1,0.0000003
2513,1,0.0000003
2514,1,0.0000003
2515,2,0.0000007
2516,1,0.0000003
2517,1,0.0000003
2518,1,0.0000003
2520,2,0.0000007
2521,1,0.0000003
2523,1,0.0000003
2524,2,0.0000007
2525,1,0.0000003
2526,1,0.0000003
2527,3,0.0000010
2528,2,0.0000007
2529,3,0.0000010
2532,1,0.0000003
2534,1,0.0000003
2535,1,0.0000003
2537,1,0.0000003
2538,2,0.0000007
2539,2,0.0000007
2541,3,0.0000010
2543,1,0.0000003
2544,1,0.0000003
2549,1,0.0000003
2556,1,0.0000003
2559,1,0.0000003
2563,1,0.0000003
2565,2,0.0000007
2567,1,0.0000003
2568,1,0.0000003
2570,1,0.0000003
2575,1,0.0000003
2577,2,0.0000007
2580,1,0.0000003
2583,1,0.0000003
2584,1,0.0000003
2585,1,0.0000003
2586,1,0.0000003
2588,2,0.0000007
2589,1,0.0000003
2590,1,0.0000003
2592,1,0.0000003
2595,2,0.0000007
2596,2,0.0000007
2597,1,0.0000003
2599,1,0.0000003
2600,1,0.0000003
2601,1,0.0000003
2602,1,0.0000003
2610,2,0.0000007
2615,1,0.0000003
2616,1,0.0000003
2617,1,0.0000003
2618,1,0.0000003
2623,1,0.0000003
2624,1,0.0000003
2625,2,0.0000007
2629,1,0.0000003
2631,2,0.0000007
2634,1,0.0000003
2636,2,0.0000007
2639,2,0.0000007
2640,2,0.0000007
2647,1,0.0000003
2648,1,0.0000003
2651,1,0.0000003
2652,2,0.0000007
2653,1,0.0000003
2655,1,0.0000003
2658,1,0.0000003
2659,1,0.0000003
2661,1,0.0000003
2663,1,0.0000003
2665,2,0.0000007
2666,2,0.0000007
2668,1,0.0000003
2669,1,0.0000003
2670,1,0.0000003
2675,2,0.0000007
2676,2,0.0000007
2678,2,0.0000007
2679,1,0.0000003
2680,1,0.0000003
2681,2,0.0000007
2685,1,0.0000003
2686,1,0.0000003
2688,2,0.0000007
2689,1,0.0000003
2690,2,0.0000007
2691,1,0.0000003
2694,1,0.0000003
2695,1,0.0000003
2697,1,0.0000003
2699,1,0.0000003
2700,1,0.0000003
2705,1,0.0000003
2708,2,0.0000007
2709,1,0.0000003
2710,1,0.0000003
2711,1,0.0000003
2712,1,0.0000003
2713,2,0.0000007
2714,1,0.0000003
2715,1,0.0000003
2716,2,0.0000007
2717,1,0.0000003
2719,1,0.0000003
2721,2,0.0000007
2722,2,0.0000007
2724,1,0.0000003
2728,3,0.0000010
2730,2,0.0000007
2732,1,0.0000003
2734,1,0.0000003
2737,1,0.0000003
2739,2,0.0000007
2740,1,0.0000003
2746,1,0.0000003
2747,3,0.0000010
2749,1,0.0000003
2754,1,0.0000003
2755,1,0.0000003
2756,1,0.0000003
2757,1,0.0000003
2758,2,0.0000007
2759,1,0.0000003
2760,1,0.0000003
2762,1,0.0000003
2763,2,0.0000007
2766,1,0.0000003
2768,3,0.0000010
2771,1,0.0000003
2772,1,0.0000003
2773,1,0.0000003
2774,1,0.0000003
2776,1,0.0000003
2777,1,0.0000003
2778,1,0.0000003
2780,1,0.0000003
2781,2,0.0000007
2782,2,0.0000007
2784,1,0.0000003
2789,1,0.0000003
2794,3,0.0000010
2796,1,0.0000003
2797,1,0.0000003
2799,1,0.0000003
2801,3,0.0000010
2802,1,0.0000003
2803,1,0.0000003
2804,3,0.0000010
2805,1,0.0000003
2806,1,0.0000003
2807,1,0.0000003
2809,1,0.0000003
2810,2,0.0000007
2817,1,0.0000003
2818,1,0.0000003
2821,1,0.0000003
2822,2,0.0000007
2823,2,0.0000007
2827,2,0.0000007
2828,1,0.0000003
2829,1,0.0000003
2831,1,0.0000003
2832,2,0.0000007
2834,1,0.0000003
2836,1,0.0000003
2838,1,0.0000003
2842,2,0.0000007
2847,4,0.0000013
2849,2,0.0000007
2851,2,0.0000007
2855,1,0.0000003
2857,1,0.0000003
2858,1,0.0000003
2862,2,0.0000007
2864,1,0.0000003
2866,3,0.0000010
2870,1,0.0000003
2871,1,0.0000003
2872,1,0.0000003
2873,1,0.0000003
2874,2,0.0000007
2875,1,0.0000003
2876,1,0.0000003
2878,1,0.0000003
2879,1,0.0000003
2881,1,0.0000003
2884,3,0.0000010
2885,1,0.0000003
2886,1,0.0000003
2887,1,0.0000003
2888,1,0.0000003
2891,1,0.0000003
2892,1,0.0000003
2895,1,0.0000003
2896,1,0.0000003
2899,1,0.0000003
2902,1,0.0000003
2904,1,0.0000003
2910,1,0.0000003
2911,1,0.0000003
2912,2,0.0000007
2914,1,0.0000003
2916,1,0.0000003
2919,2,0.0000007
2920,1,0.0000003
2922,2,0.0000007
2924,2,0.0000007
2926,3,0.0000010
2928,1,0.0000003
2930,2,0.0000007
2933,1,0.0000003
2934,1,0.0000003
2938,1,0.0000003
2940,1,0.0000003
2941,1,0.0000003
2946,1,0.0000003
2947,1,0.0000003
2951,2,0.0000007
2954,1,0.0000003
2957,1,0.0000003
2959,2,0.0000007
2961,1,0.0000003
2962,4,0.0000013
2965,3,0.0000010
2966,1,0.0000003
2967,1,0.0000003
2970,1,0.0000003
2971,1,0.0000003
2972,1,0.0000003
2973,1,0.0000003
2974,1,0.0000003
2979,1,0.0000003
2982,3,0.0000010
2985,1,0.0000003
2990,3,0.0000010
2992,2,0.0000007
2993,1,0.0000003
3000,1,0.0000003
3001,1,0.0000003
3004,1,0.0000003
3006,1,0.0000003
3009,1,0.0000003
3011,1,0.0000003
3013,1,0.0000003
3014,1,0.0000003
3016,1,0.0000003
3020,1,0.0000003
3024,2,0.0000007
3028,1,0.0000003
3032,1,0.0000003
3034,1,0.0000003
3035,2,0.0000007
3036,1,0.0000003
3037,1,0.0000003
3040,1,0.0000003
3045,2,0.0000007
3047,3,0.0000010
3048,1,0.0000003
3052,2,0.0000007
3055,1,0.0000003
3057,2,0.0000007
3059,1,0.0000003
3060,1,0.0000003
3062,1,0.0000003
3063,1,0.0000003
3064,1,0.0000003
3065,2,0.0000007
3066,3,0.0000010
3068,2,0.0000007
3070,1,0.0000003
3072,1,0.0000003
3073,1,0.0000003
3075,1,0.0000003
3076,1,0.0000003
3081,2,0.0000007
3085,2,0.0000007
3087,1,0.0000003
3091,1,0.0000003
3092,1,0.0000003
3093,1,0.0000003
3095,1,0.0000003
3097,1,0.0000003
3099,2,0.0000007
3101,1,0.0000003
3105,1,0.0000003
3109,1,0.0000003
3111,2,0.0000007
3113,2,0.0000007
3114,1,0.0000003
3118,2,0.0000007
3128,1,0.0000003
3129,2,0.0000007
3130,2,0.0000007
3131,3,0.0000010
3133,2,0.0000007
3138,1,0.0000003
3142,1,0.0000003
3147,1,0.0000003
3154,1,0.0000003
3155,1,0.0000003
3156,1,0.0000003
3161,1,0.0000003
3162,1,0.0000003
3166,1,0.0000003
3172,1,0.0000003
3173,2,0.0000007
3176,1,0.0000003
3177,1,0.0000003
3179,1,0.0000003
3183,1,0.0000003
3185,1,0.0000003
3187,1,0.0000003
3188,2,0.0000007
3193,1,0.0000003
3195,2,0.0000007
3201,1,0.0000003
3202,1,0.0000003
3203,1,0.0000003
3204,1,0.0000003
3205,1,0.0000003
3206,2,0.0000007
3208,1,0.0000003
3211,1,0.0000003
3214,1,0.0000003
3215,1,0.0000003
3216,1,0.0000003
3219,1,0.0000003
3220,2,0.0000007
3226,1,0.0000003
3230,1,0.0000003
3235,2,0.0000007
3237,1,0.0000003
3238,1,0.0000003
3239,1,0.0000003
3241,1,0.0000003
3243,3,0.0000010
3244,1,0.0000003
3245,1,0.0000003
3251,3,0.0000010
3253,2,0.0000007
3262,1,0.0000003
3263,2,0.0000007
3266,1,0.0000003
3267,2,0.0000007
3269,1,0.0000003
3271,1,0.0000003
3280,1,0.0000003
3282,1,0.0000003
3286,1,0.0000003
3288,1,0.0000003
3289,1,0.0000003
3291,1,0.0000003
3292,1,0.0000003
3297,1,0.0000003
3298,1,0.0000003
3299,2,0.0000007
3300,1,0.0000003
3308,1,0.0000003
3312,2,0.0000007
3313,1,0.0000003
3315,1,0.0000003
3317,2,0.0000007
3320,2,0.0000007
3328,1,0.0000003
3329,1,0.0000003
3332,1,0.0000003
3333,1,0.0000003
3335,2,0.0000007
3339,2,0.0000007
3341,1,0.0000003
3342,1,0.0000003
3344,2,0.0000007
3346,1,0.0000003
3359,1,0.0000003
3361,1,0.0000003
3366,1,0.0000003
3367,2,0.0000007
3375,1,0.0000003
3376,1,0.0000003
3380,1,0.0000003
3385,1,0.0000003
3387,1,0.0000003
3389,2,0.0000007
3390,1,0.0000003
3393,1,0.0000003
3394,1,0.0000003
3397,4,0.0000013
3398,1,0.0000003
3401,2,0.0000007
3403,1,0.0000003
3405,1,0.0000003
3407,1,0.0000003
3413,1,0.0000003
3417,1,0.0000003
3420,2,0.0000007
3421,1,0.0000003
3437,1,0.0000003
3439,1,0.0000003
3442,2,0.0000007
3443,1,0.0000003
3444,1,0.0000003
3448,1,0.0000003
3450,2,0.0000007
3453,1,0.0000003
3454,1,0.0000003
3455,1,0.0000003
3457,1,0.0000003
3463,2,0.0000007
3472,1,0.0000003
3475,1,0.0000003
3476,1,0.0000003
3487,1,0.0000003
3488,1,0.0000003
3489,1,0.0000003
3498,1,0.0000003
3509,1,0.0000003
3511,1,0.0000003
3513,1,0.0000003
3517,1,0.0000003
3525,1,0.0000003
3528,1,0.0000003
3531,2,0.0000007
3532,1,0.0000003
3536,1,0.0000003
3537,1,0.0000003
3541,1,0.0000003
3544,1,0.0000003
3545,1,0.0000003
3546,1,0.0000003
3548,1,0.0000003
3561,1,0.0000003
3568,1,0.0000003
3571,1,0.0000003
3573,1,0.0000003
3584,1,0.0000003
3585,1,0.0000003
3586,1,0.0000003
3590,1,0.0000003
3591,2,0.0000007
3595,1,0.0000003
3597,1,0.0000003
3600,1,0.0000003
3604,1,0.0000003
3605,2,0.0000007
3606,1,0.0000003
3609,1,0.0000003
3612,1,0.0000003
3620,1,0.0000003
3622,1,0.0000003
3630,1,0.0000003
3634,1,0.0000003
3637,1,0.0000003
3638,1,0.0000003
3643,1,0.0000003
3646,2,0.0000007
3647,1,0.0000003
3648,1,0.0000003
3651,1,0.0000003
3654,1,0.0000003
3671,1,0.0000003
3672,1,0.0000003
3676,1,0.0000003
3677,1,0.0000003
3679,1,0.0000003
3682,1,0.0000003
3685,1,0.0000003
3686,1,0.0000003
3688,2,0.0000007
3691,1,0.0000003
3692,1,0.0000003
3695,1,0.0000003
3696,1,0.0000003
3697,1,0.0000003
3699,1,0.0000003
3709,1,0.0000003
3711,1,0.0000003
3718,1,0.0000003
3719,1,0.0000003
3720,1,0.0000003
3721,1,0.0000003
3722,1,0.0000003
3723,2,0.0000007
3727,1,0.0000003
3728,1,0.0000003
3731,1,0.0000003
3733,1,0.0000003
3738,1,0.0000003
3741,2,0.0000007
3744,1,0.0000003
3753,1,0.0000003
3754,1,0.0000003
3764,1,0.0000003
3772,1,0.0000003
3778,1,0.0000003
3780,1,0.0000003
3789,1,0.0000003
3794,1,0.0000003
3796,1,0.0000003
3799,3,0.0000010
3802,1,0.0000003
3805,1,0.0000003
3806,1,0.0000003
3808,2,0.0000007
3818,1,0.0000003
3822,1,0.0000003
3823,1,0.0000003
3838,1,0.0000003
3839,1,0.0000003
3841,1,0.0000003
3842,1,0.0000003
3845,1,0.0000003
3851,1,0.0000003
3855,1,0.0000003
3858,2,0.0000007
3860,1,0.0000003
3867,1,0.0000003
3868,1,0.0000003
3878,1,0.0000003
3879,1,0.0000003
3881,1,0.0000003
3885,1,0.0000003
3899,2,0.0000007
3901,1,0.0000003
3902,1,0.0000003
3905,1,0.0000003
3908,1,0.0000003
3911,1,0.0000003
3914,1,0.0000003
3923,1,0.0000003
3934,1,0.0000003
3937,1,0.0000003
3941,1,0.0000003
3946,1,0.0000003
3954,1,0.0000003
3957,1,0.0000003
3963,1,0.0000003
3965,1,0.0000003
3980,1,0.0000003
3988,1,0.0000003
3990,1,0.0000003
4002,1,0.0000003
4009,1,0.0000003
4012,1,0.0000003
4015,2,0.0000007
4016,1,0.0000003
4019,1,0.0000003
4020,1,0.0000003
4024,1,0.0000003
4025,1,0.0000003
4033,1,0.0000003
4034,1,0.0000003
4038,1,0.0000003
4051,1,0.0000003
4052,1,0.0000003
4056,1,0.0000003
4061,1,0.0000003
4067,1,0.0000003
4068,1,0.0000003
4070,2,0.0000007
4072,1,0.0000003
4078,1,0.0000003
4085,2,0.0000007
4097,1,0.0000003
4102,1,0.0000003
4103,2,0.0000007
4110,1,0.0000003
4111,1,0.0000003
4118,1,0.0000003
4127,1,0.0000003
4133,1,0.0000003
4136,1,0.0000003
4147,1,0.0000003
4148,1,0.0000003
4159,1,0.0000003
4169,1,0.0000003
4173,1,0.0000003
4175,1,0.0000003
4181,1,0.0000003
4198,2,0.0000007
4200,1,0.0000003
4216,1,0.0000003
4219,2,0.0000007
4228,1,0.0000003
4232,2,0.0000007
4246,1,0.0000003
4247,1,0.0000003
4256,1,0.0000003
4258,1,0.0000003
4262,1,0.0000003
4266,1,0.0000003
4272,1,0.0000003
4281,1,0.0000003
4283,1,0.0000003
4288,1,0.0000003
4289,1,0.0000003
4303,1,0.0000003
4305,1,0.0000003
4324,1,0.0000003
4328,1,0.0000003
4334,1,0.0000003
4342,1,0.0000003
4354,1,0.0000003
4360,1,0.0000003
4371,2,0.0000007
4372,1,0.0000003
4382,1,0.0000003
4385,1,0.0000003
4386,1,0.0000003
4389,1,0.0000003
4391,1,0.0000003
4399,1,0.0000003
4400,1,0.0000003
4412,2,0.0000007
4417,1,0.0000003
4430,1,0.0000003
4434,1,0.0000003
4439,1,0.0000003
4441,1,0.0000003
4443,1,0.0000003
4452,1,0.0000003
4455,1,0.0000003
4474,1,0.0000003
4478,1,0.0000003
4481,1,0.0000003
4482,1,0.0000003
4514,1,0.0000003
4521,1,0.0000003
4533,1,0.0000003
4536,1,0.0000003
4547,1,0.0000003
4551,1,0.0000003
4555,1,0.0000003
4559,1,0.0000003
4567,1,0.0000003
4569,1,0.0000003
4578,1,0.0000003
4605,1,0.0000003
4609,1,0.0000003
4620,1,0.0000003
4633,1,0.0000003
4640,1,0.0000003
4650,1,0.0000003
4658,1,0.0000003
4664,1,0.0000003
4677,1,0.0000003
4686,1,0.0000003
4690,1,0.0000003
4694,1,0.0000003
4705,1,0.0000003
4707,1,0.0000003
4712,1,0.0000003
4714,1,0.0000003
4726,1,0.0000003
4737,1,0.0000003
4738,1,0.0000003
4744,1,0.0000003
4760,1,0.0000003
4768,1,0.0000003
4773,1,0.0000003
4782,1,0.0000003
4783,1,0.0000003
4791,1,0.0000003
4800,1,0.0000003
4801,1,0.0000003
4807,1,0.0000003
4832,1,0.0000003
4847,1,0.0000003
4857,1,0.0000003
4860,1,0.0000003
4883,1,0.0000003
4907,1,0.0000003
4927,1,0.0000003
4934,1,0.0000003
4942,1,0.0000003
4948,1,0.0000003
4953,1,0.0000003
4963,1,0.0000003
4970,1,0.0000003
4973,1,0.0000003
4976,1,0.0000003
4978,1,0.0000003
4995,1,0.0000003
5001,1,0.0000003
5007,1,0.0000003
5013,1,0.0000003
5027,2,0.0000007
5028,1,0.0000003
5037,1,0.0000003
5038,2,0.0000007
5050,1,0.0000003
5055,1,0.0000003
5065,1,0.0000003
5070,1,0.0000003
5090,1,0.0000003
5125,1,0.0000003
5133,1,0.0000003
5134,1,0.0000003
5141,1,0.0000003
5154,1,0.0000003
5156,1,0.0000003
5157,1,0.0000003
5162,1,0.0000003
5164,1,0.0000003
5171,1,0.0000003
5176,1,0.0000003
5177,1,0.0000003
5179,1,0.0000003
5188,1,0.0000003
5193,1,0.0000003
5200,1,0.0000003
5214,1,0.0000003
5232,1,0.0000003
5283,1,0.0000003
5296,1,0.0000003
5303,1,0.0000003
5318,1,0.0000003
5324,1,0.0000003
5332,1,0.0000003
5351,2,0.0000007
5368,1,0.0000003
5373,1,0.0000003
5376,1,0.0000003
5392,1,0.0000003
5411,1,0.0000003
5430,1,0.0000003
5449,1,0.0000003
5460,1,0.0000003
5463,1,0.0000003
5479,1,0.0000003
5488,1,0.0000003
5494,1,0.0000003
5521,1,0.0000003
5538,1,0.0000003
5545,1,0.0000003
5556,1,0.0000003
5564,1,0.0000003
5572,1,0.0000003
5578,1,0.0000003
5608,1,0.0000003
5621,1,0.0000003
5622,1,0.0000003
5645,1,0.0000003
5671,1,0.0000003
5672,1,0.0000003
5677,1,0.0000003
5682,1,0.0000003
5684,1,0.0000003
5689,1,0.0000003
5701,1,0.0000003
5707,2,0.0000007
5708,1,0.0000003
5712,1,0.0000003
5726,1,0.0000003
5746,1,0.0000003
5751,1,0.0000003
5781,1,0.0000003
5816,1,0.0000003
5861,1,0.0000003
5863,2,0.0000007
5869,1,0.0000003
5878,1,0.0000003
5882,1,0.0000003
5901,2,0.0000007
5964,1,0.0000003
5968,1,0.0000003
6019,1,0.0000003
6054,1,0.0000003
6056,1,0.0000003
6057,1,0.0000003
6062,1,0.0000003
6077,1,0.0000003
6080,1,0.0000003
6085,1,0.0000003
6087,1,0.0000003
6121,1,0.0000003
6122,2,0.0000007
6132,1,0.0000003
6133,1,0.0000003
6152,1,0.0000003
6165,1,0.0000003
6178,1,0.0000003
6189,1,0.0000003
6201,1,0.0000003
6209,1,0.0000003
6216,1,0.0000003
6219,1,0.0000003
6220,1,0.0000003
6226,1,0.0000003
6240,1,0.0000003
6259,1,0.0000003
6270,1,0.0000003
6283,1,0.0000003
6305,1,0.0000003
6308,1,0.0000003
6312,1,0.0000003
6313,1,0.0000003
6318,1,0.0000003
6344,1,0.0000003
6351,1,0.0000003
6355,1,0.0000003
6376,1,0.0000003
6389,1,0.0000003
6399,1,0.0000003
6405,2,0.0000007
6419,1,0.0000003
6441,1,0.0000003
6487,1,0.0000003
6492,1,0.0000003
6499,1,0.0000003
6513,1,0.0000003
6515,1,0.0000003
6523,1,0.0000003
6553,1,0.0000003
6589,1,0.0000003
6609,1,0.0000003
6621,1,0.0000003
6625,1,0.0000003
6663,1,0.0000003
6696,1,0.0000003
6700,1,0.0000003
6705,1,0.0000003
6706,1,0.0000003
6708,1,0.0000003
6709,2,0.0000007
6723,1,0.0000003
6805,1,0.0000003
6818,1,0.0000003
6820,1,0.0000003
6830,1,0.0000003
6880,1,0.0000003
6886,1,0.0000003
6916,1,0.0000003
6929,1,0.0000003
6942,1,0.0000003
6973,1,0.0000003
7032,1,0.0000003
7047,1,0.0000003
7069,1,0.0000003
7081,1,0.0000003
7096,1,0.0000003
7109,1,0.0000003
7133,1,0.0000003
7205,1,0.0000003
7211,2,0.0000007
7221,1,0.0000003
7246,1,0.0000003
7303,1,0.0000003
7312,1,0.0000003
7337,1,0.0000003
7397,1,0.0000003
7414,1,0.0000003
7487,1,0.0000003
7558,1,0.0000003
7568,1,0.0000003
7592,1,0.0000003
7598,1,0.0000003
7602,1,0.0000003
7616,1,0.0000003
7634,1,0.0000003
7638,1,0.0000003
7685,1,0.0000003
7687,1,0.0000003
7737,1,0.0000003
7766,1,0.0000003
7798,1,0.0000003
7884,1,0.0000003
7892,1,0.0000003
7956,1,0.0000003
7963,1,0.0000003
7986,1,0.0000003
7988,1,0.0000003
8021,1,0.0000003
8140,1,0.0000003
8298,1,0.0000003
8305,1,0.0000003
8322,1,0.0000003
8335,1,0.0000003
8345,1,0.0000003
8437,1,0.0000003
8443,1,0.0000003
8534,1,0.0000003
8605,1,0.0000003
8610,1,0.0000003
8694,1,0.0000003
8703,1,0.0000003
8705,1,0.0000003
8788,1,0.0000003
8805,1,0.0000003
8830,1,0.0000003
8849,1,0.0000003
8919,1,0.0000003
8946,1,0.0000003
8983,1,0.0000003
8984,1,0.0000003
9243,1,0.0000003
9617,1,0.0000003
9677,1,0.0000003
9812,1,0.0000003
9967,1,0.0000003
10015,1,0.0000003
10019,1,0.0000003
10062,1,0.0000003
10077,1,0.0000003
10098,1,0.0000003
10166,1,0.0000003
10173,1,0.0000003
10188,1,0.0000003
10294,1,0.0000003
10428,1,0.0000003
10575,1,0.0000003
10602,1,0.0000003
10683,1,0.0000003
10742,1,0.0000003
10748,1,0.0000003
10829,1,0.0000003
11056,1,0.0000003
11175,1,0.0000003
11538,1,0.0000003
11566,1,0.0000003
11583,1,0.0000003
11624,1,0.0000003
11662,1,0.0000003
11708,1,0.0000003
11724,1,0.0000003
11764,1,0.0000003
11786,1,0.0000003
11946,1,0.0000003
11971,1,0.0000003
11995,1,0.0000003
12050,1,0.0000003
12100,1,0.0000003
12301,1,0.0000003
12766,1,0.0000003
12769,1,0.0000003
12897,1,0.0000003
12928,1,0.0000003
13162,1,0.0000003
13222,1,0.0000003
13388,1,0.0000003
13618,1,0.0000003
13637,1,0.0000003
13767,1,0.0000003
13821,1,0.0000003
13859,1,0.0000003
13923,1,0.0000003
13939,1,0.0000003
14216,1,0.0000003
14281,1,0.0000003
14734,1,0.0000003
14756,1,0.0000003
15147,1,0.0000003
15429,1,0.0000003
15604,1,0.0000003
15648,1,0.0000003
16793,1,0.0000003
17723,1,0.0000003
17863,1,0.0000003
18726,1,0.0000003
18880,1,0.0000003
19353,1,0.0000003
19760,1,0.0000003
20002,1,0.0000003
20155,1,0.0000003
20171,1,0.0000003
20413,1,0.0000003
20582,1,0.0000003
20700,1,0.0000003
21080,1,0.0000003
21561,1,0.0000003
22590,1,0.0000003
23054,1,0.0000003
25826,1,0.0000003
26545,1,0.0000003
28915,1,0.0000003
29888,1,0.0000003
37215,1,0.0000003
66298,1,0.0000003
75867,1,0.0000003
89825,1,0.0000003
190023,1,0.0000003
232405,1,0.0000003
258070,1,0.0000003
